{
    "name": "root",
    "gauges": {
        "CarDrive.Policy.Entropy.mean": {
            "value": 1.5470577478408813,
            "min": 1.4189382791519165,
            "max": 1.5470577478408813,
            "count": 63
        },
        "CarDrive.Policy.Entropy.sum": {
            "value": 15470.5771484375,
            "min": 14189.3828125,
            "max": 15470.5771484375,
            "count": 63
        },
        "CarDrive.Environment.LessonNumber.block_offset.mean": {
            "value": 1.0,
            "min": 0.0,
            "max": 1.0,
            "count": 63
        },
        "CarDrive.Environment.LessonNumber.block_offset.sum": {
            "value": 1.0,
            "min": 0.0,
            "max": 1.0,
            "count": 63
        },
        "CarDrive.Step.mean": {
            "value": 629984.0,
            "min": 9972.0,
            "max": 629984.0,
            "count": 63
        },
        "CarDrive.Step.sum": {
            "value": 629984.0,
            "min": 9972.0,
            "max": 629984.0,
            "count": 63
        },
        "CarDrive.Policy.ExtrinsicValueEstimate.mean": {
            "value": 0.3414849042892456,
            "min": -0.03450913354754448,
            "max": 0.3414849042892456,
            "count": 63
        },
        "CarDrive.Policy.ExtrinsicValueEstimate.sum": {
            "value": 53.613128662109375,
            "min": -5.417933940887451,
            "max": 53.613128662109375,
            "count": 63
        },
        "CarDrive.Environment.EpisodeLength.mean": {
            "value": 9999.0,
            "min": 624.0,
            "max": 9999.0,
            "count": 63
        },
        "CarDrive.Environment.EpisodeLength.sum": {
            "value": 9999.0,
            "min": 9984.0,
            "max": 9999.0,
            "count": 63
        },
        "CarDrive.Environment.CumulativeReward.mean": {
            "value": 39.29681757092476,
            "min": 0.5877275360981002,
            "max": 39.29681757092476,
            "count": 63
        },
        "CarDrive.Environment.CumulativeReward.sum": {
            "value": 39.29681757092476,
            "min": 0.6105107662733644,
            "max": 39.29681757092476,
            "count": 63
        },
        "CarDrive.Policy.ExtrinsicReward.mean": {
            "value": 39.29681757092476,
            "min": 0.5877275360981002,
            "max": 39.29681757092476,
            "count": 63
        },
        "CarDrive.Policy.ExtrinsicReward.sum": {
            "value": 39.29681757092476,
            "min": 0.6105107662733644,
            "max": 39.29681757092476,
            "count": 63
        },
        "CarDrive.IsTraining.mean": {
            "value": 1.0,
            "min": 1.0,
            "max": 1.0,
            "count": 63
        },
        "CarDrive.IsTraining.sum": {
            "value": 1.0,
            "min": 1.0,
            "max": 1.0,
            "count": 63
        },
        "CarDrive.Losses.PolicyLoss.mean": {
            "value": 0.02188659190821151,
            "min": 0.014201269997283817,
            "max": 0.03437729265230397,
            "count": 61
        },
        "CarDrive.Losses.PolicyLoss.sum": {
            "value": 0.02188659190821151,
            "min": 0.014201269997283817,
            "max": 0.03437729265230397,
            "count": 61
        },
        "CarDrive.Losses.ValueLoss.mean": {
            "value": 0.0003107010105547185,
            "min": 0.0002763816650258377,
            "max": 0.008924423639352122,
            "count": 61
        },
        "CarDrive.Losses.ValueLoss.sum": {
            "value": 0.0003107010105547185,
            "min": 0.0002763816650258377,
            "max": 0.008924423639352122,
            "count": 61
        },
        "CarDrive.Policy.LearningRate.mean": {
            "value": 0.00029060976313008,
            "min": 0.00029060976313008,
            "max": 0.00029984616005128005,
            "count": 61
        },
        "CarDrive.Policy.LearningRate.sum": {
            "value": 0.00029060976313008,
            "min": 0.00029060976313008,
            "max": 0.00029984616005128005,
            "count": 61
        },
        "CarDrive.Policy.Epsilon.mean": {
            "value": 0.19686992000000003,
            "min": 0.19686992000000003,
            "max": 0.19994872000000002,
            "count": 61
        },
        "CarDrive.Policy.Epsilon.sum": {
            "value": 0.19686992000000003,
            "min": 0.19686992000000003,
            "max": 0.19994872000000002,
            "count": 61
        },
        "CarDrive.Policy.Beta.mean": {
            "value": 0.004843809007999998,
            "min": 0.004843809007999998,
            "max": 0.0049974411279999995,
            "count": 61
        },
        "CarDrive.Policy.Beta.sum": {
            "value": 0.004843809007999998,
            "min": 0.004843809007999998,
            "max": 0.0049974411279999995,
            "count": 61
        }
    },
    "metadata": {
        "timer_format_version": "0.1.0",
        "start_time_seconds": "1619932012",
        "python_version": "3.8.5 (default, Sep  3 2020, 21:29:08) [MSC v.1916 64 bit (AMD64)]",
        "command_line_arguments": "C:\\Users\\clle1\\anaconda3\\Scripts\\mlagents-learn TrainerConfigs\\curriculum_trainer_config.yaml --train --run-id=test0501_camOnly --force",
        "mlagents_version": "0.26.0",
        "mlagents_envs_version": "0.26.0",
        "communication_protocol_version": "1.5.0",
        "pytorch_version": "1.7.1",
        "numpy_version": "1.19.2",
        "end_time_seconds": "1619937001"
    },
    "total": 4988.875724799999,
    "count": 1,
    "self": 0.00849229999948875,
    "children": {
        "run_training.setup": {
            "total": 0.27224700000000013,
            "count": 1,
            "self": 0.27224700000000013
        },
        "TrainerController.start_learning": {
            "total": 4988.5949855,
            "count": 1,
            "self": 36.994548600080634,
            "children": {
                "TrainerController._reset_env": {
                    "total": 6.8730522999999994,
                    "count": 1,
                    "self": 6.8730522999999994
                },
                "TrainerController.advance": {
                    "total": 4944.629053699919,
                    "count": 630651,
                    "self": 17.950995499557393,
                    "children": {
                        "env_step": {
                            "total": 4726.756518900129,
                            "count": 630651,
                            "self": 3312.7731663999766,
                            "children": {
                                "SubprocessEnvManager._take_step": {
                                    "total": 1403.3667140001603,
                                    "count": 630651,
                                    "self": 33.39503900012619,
                                    "children": {
                                        "TorchPolicy.evaluate": {
                                            "total": 1369.971675000034,
                                            "count": 630651,
                                            "self": 577.6307515998873,
                                            "children": {
                                                "TorchPolicy.sample_actions": {
                                                    "total": 792.3409234001468,
                                                    "count": 630651,