{"cameraMode":{"drawMode":0,"name":"Shaded","section":"Shading Mode"},"sceneLighting":false,"audioPlay":false,"sceneViewState":{"showFog":true,"showMaterialUpdate":false,"showSkybox":false,"showFlares":true,"showImageEffects":true,"showParticleSystems":true,"showVisualEffectGraphs":true,"m_FxEnabled":true},"in2DMode":false,"pivot":{"x":0.5334482192993164,"y":-0.17338800430297852,"z":-0.2695596218109131},"rotation":{"x":-0.11264783143997193,"y":0.8433198928833008,"z":-0.19462265074253083,"w":-0.48812881112098696},"size":5.588725566864014,"orthographic":false}