{"count":1,"self":367.5757824,"total":2791.3833784999997,"children":{"AgentSendState":{"count":423767,"self":7.6058847999999992,"total":55.7910251,"children":{"CollectObservations":{"count":423767,"self":1.1529717,"total":1.1529717,"children":null},"CollectDiscreteActionMasks":{"count":423767,"self":0.47938919999999996,"total":0.47938919999999996,"children":null},"AgentInfo.ToProto":{"count":423767,"self":2.1617395999999998,"total":46.5527795,"children":{"GenerateSensorData":{"count":423767,"self":3.7896144,"total":44.3910398,"children":{"RayPerceptionSensor.Perceive":{"count":423767,"self":40.601424,"total":40.6014254,"children":null}}}}}}},"DecideAction":{"count":423767,"self":2357.6395776,"total":2357.6395359999997,"children":null},"AgentAct":{"count":423767,"self":10.3601688,"total":10.366066,"children":{"AgentInfo.ToProto":{"count":42,"self":0,"total":0.0058972999999999994,"children":{"GenerateSensorData":{"count":42,"self":0,"total":0.0058972999999999994,"children":{"RayPerceptionSensor.Perceive":{"count":42,"self":0.0058972999999999994,"total":0.0058972999999999994,"children":null}}}}}}},"AgentInfo.ToProto":{"count":121,"self":0.0010027999999999999,"total":0.0099787,"children":{"GenerateSensorData":{"count":121,"self":0.0009979,"total":0.0089759,"children":{"RayPerceptionSensor.Perceive":{"count":121,"self":0.007977999999999999,"total":0.007977999999999999,"children":null}}}}}},"gauges":{"CarDrive.CumulativeReward":{"count":163,"max":177.3163,"min":-1.25238144,"runningAverage":25.4925442,"value":177.3163,"weightedAverage":171.820068}},"metadata":{"timer_format_version":"0.1.0","start_time_seconds":"1620066075","unity_version":"2020.1.14f1","command_line_arguments":"D:\\Program Files\\Unity\\2020.1.14f1\\Editor\\Unity.exe -projectpath D:\/AAAAworkspace\/pythonWorkspace\/model_racer\/unity\/car-track-environment -useHub -hubIPC -cloudEnvironment production -hubSessionId 1bdc2ea0-a619-11eb-b356-35b51bdbd5f0 -accessToken 8Y6WVTReixCSaSMeY_mRekrDv1fjNGkJ22HtXUfTEi8001f","communication_protocol_version":"1.0.0","com.unity.ml-agents_version":"1.0.6","scene_name":"CarTrainSimpleRay_Cylinder","end_time_seconds":"1620068866"}}