{"cameraMode":{"drawMode":0,"name":"Shaded","section":"Shading Mode"},"sceneLighting":true,"audioPlay":false,"sceneViewState":{"showFog":true,"showMaterialUpdate":false,"showSkybox":true,"showFlares":true,"showImageEffects":true,"showParticleSystems":true,"showVisualEffectGraphs":true,"m_FxEnabled":true},"in2DMode":false,"pivot":{"x":-1.4369255304336548,"y":1.1684863567352296,"z":1.5485910177230836},"rotation":{"x":0.21045051515102387,"y":-0.5236897468566895,"z":0.1353374421596527,"w":0.8143373727798462},"size":3.6993308067321779,"orthographic":false}