{"cameraMode":{"drawMode":0,"name":"Shaded","section":"Shading Mode"},"sceneLighting":true,"audioPlay":false,"sceneViewState":{"showFog":true,"showMaterialUpdate":false,"showSkybox":true,"showFlares":true,"showImageEffects":true,"showParticleSystems":true,"showVisualEffectGraphs":true,"m_FxEnabled":true},"in2DMode":false,"pivot":{"x":-1.4369255304336548,"y":1.1684863567352296,"z":1.5485910177230836},"rotation":{"x":0.16968829929828645,"y":-0.6465688943862915,"z":0.15063828229904176,"w":0.7283310890197754},"size":3.6993308067321779,"orthographic":false}