{
    "name": "root",
    "gauges": {
        "CarDrive.Policy.Entropy.mean": {
            "value": 1.4515753984451294,
            "min": 1.4189382791519165,
            "max": 1.452420711517334,
            "count": 50
        },
        "CarDrive.Policy.Entropy.sum": {
            "value": 14631.8798828125,
            "min": 13662.03125,
            "max": 14983.98828125,
            "count": 50
        },
        "CarDrive.Policy.ExtrinsicValueEstimate.mean": {
            "value": -0.0007421619375236332,
            "min": -0.0011227092472836375,
            "max": 0.19699254631996155,
            "count": 50
        },
        "CarDrive.Policy.ExtrinsicValueEstimate.sum": {
            "value": -0.11651942133903503,
            "min": -0.17514264583587646,
            "max": 31.912792205810547,
            "count": 50
        },
        "CarDrive.IsTraining.mean": {
            "value": 1.0,
            "min": 1.0,
            "max": 1.0,
            "count": 50
        },
        "CarDrive.IsTraining.sum": {
            "value": 1.0,
            "min": 1.0,
            "max": 1.0,
            "count": 50
        },
        "CarDrive.Losses.PolicyLoss.mean": {
            "value": 0.02039064004396399,
            "min": 0.015117130583773057,
            "max": 0.029800036832845458,
            "count": 48
        },
        "CarDrive.Losses.PolicyLoss.sum": {
            "value": 0.02039064004396399,
            "min": 0.015117130583773057,
            "max": 0.029800036832845458,
            "count": 48
        },
        "CarDrive.Losses.ValueLoss.mean": {
            "value": 0.0018622997139270106,
            "min": 0.0009088245608533422,
            "max": 0.014418707136064768,
            "count": 48
        },
        "CarDrive.Losses.ValueLoss.sum": {
            "value": 0.0018622997139270106,
            "min": 0.0009088245608533422,
            "max": 0.014418707136064768,
            "count": 48
        },
        "CarDrive.Policy.LearningRate.mean": {
            "value": 3.56949881019999e-06,
            "min": 3.56949881019999e-06,
            "max": 0.00029366400211200004,
            "count": 48
        },
        "CarDrive.Policy.LearningRate.sum": {
            "value": 3.56949881019999e-06,
            "min": 3.56949881019999e-06,
            "max": 0.00029366400211200004,
            "count": 48
        },
        "CarDrive.Policy.Epsilon.mean": {
            "value": 0.10118980000000004,
            "min": 0.10118980000000004,
            "max": 0.19788799999999995,
            "count": 48
        },
        "CarDrive.Policy.Epsilon.sum": {
            "value": 0.10118980000000004,
            "min": 0.10118980000000004,
            "max": 0.19788799999999995,
            "count": 48
        },
        "CarDrive.Policy.Beta.mean": {
            "value": 6.937101999999984e-05,
            "min": 6.937101999999984e-05,
            "max": 0.004894611200000001,
            "count": 48
        },
        "CarDrive.Policy.Beta.sum": {
            "value": 6.937101999999984e-05,
            "min": 6.937101999999984e-05,
            "max": 0.004894611200000001,
            "count": 48
        },
        "CarDrive.Environment.EpisodeLength.mean": {
            "value": 1039.0,
            "min": 433.0,
            "max": 6168.25,
            "count": 46
        },
        "CarDrive.Environment.EpisodeLength.sum": {
            "value": 1039.0,
            "min": 486.0,
            "max": 37661.0,
            "count": 46
        },
        "CarDrive.Environment.CumulativeReward.mean": {
            "value": 4.315637513995171,
            "min": -4.441533284261823,
            "max": 9.447866637841798,
            "count": 46
        },
        "CarDrive.Environment.CumulativeReward.sum": {
            "value": 4.315637513995171,
            "min": -4.441533284261823,
            "max": 40.184704333078116,
            "count": 46
        },
        "CarDrive.Policy.ExtrinsicReward.mean": {
            "value": 4.315637513995171,
            "min": -4.441533284261823,
            "max": 9.447866637841798,
            "count": 46
        },
        "CarDrive.Policy.ExtrinsicReward.sum": {
            "value": 4.315637513995171,
            "min": -4.441533284261823,
            "max": 40.184704333078116,
            "count": 46
        }
    },
    "metadata": {
        "timer_format_version": "0.1.0",
        "start_time_seconds": "1619329190",
        "python_version": "3.7.8 (default, Jun 27 2020, 09:38:56) \n[GCC 9.3.0]",
        "command_line_arguments": "/mnt/d/AAAAworkspace/pythonWorkspace/model_racer/.venv/bin/mlagents-learn trainer_config.yaml --train --run-id=CarDrive",
        "mlagents_version": "0.26.0.dev0",
        "mlagents_envs_version": "0.26.0.dev0",
        "communication_protocol_version": "1.5.0",
        "pytorch_version": "1.8.1+cu102",
        "numpy_version": "1.20.2",
        "end_time_seconds": "1619329501"
    },
    "total": 311.69467920000034,
    "count": 1,
    "self": 0.028693200000361685,
    "children": {
        "run_training.setup": {
            "total": 0.17448990000002595,
            "count": 1,
            "self": 0.17448990000002595
        },
        "TrainerController.start_learning": {
            "total": 311.49149609999995,
            "count": 1,
            "self": 0.7166969999952926,
            "children": {
                "TrainerController._reset_env": {
                    "total": 15.973265399999946,
                    "count": 1,
                    "self": 15.973265399999946
                },
                "TrainerController.advance": {
                    "total": 294.7259635000046,
                    "count": 33365,
                    "self": 0.7899081999657938,
                    "children": {
                        "env_step": {
                            "total": 189.9811080000095,
                            "count": 33365,
                            "self": 163.43418180001981,
                            "children": {
                                "SubprocessEnvManager._take_step": {
                                    "total": 26.134051300008196,
                                    "count": 33365,
                                    "self": 2.101624999994783,
                                    "children": {
                                        "TorchPolicy.evaluate": {
                                            "total": 24.032426300013412,
                                            "count": 33365,
                                            "self": 4.434023600028468,
                                            "children": {
                                                "TorchPolicy.sample_actions": {
                                                    "total": 19.598402699984945,
                                                    "count": 33365,
                                                    "self": 19.598402699984945
                                                }
                                            }
                                        }
                                    }
                                },
                                "workers": {
                                    "total": 0.41287489998148885,
                                    "count": 33365,
                                    "self": 0.0,
                                    "children": {
                                        "worker_root": {
                                            "total": 309.5811938999759,
                                            "count": 33365,
                                            "is_parallel": true,
                                            "self": 189.43553609998662,
                                            "children": {
                                                "run_training.setup": {
                                                    "total": 0.0,