{
    "name": "root",
    "gauges": {
        "CarDrive.Policy.Entropy.mean": {
            "value": 1.3796346187591553,
            "min": 1.3796346187591553,
            "max": 1.4233310222625732,
            "count": 27
        },
        "CarDrive.Policy.Entropy.sum": {
            "value": 13796.345703125,
            "min": 13796.345703125,
            "max": 14233.310546875,
            "count": 27
        },
        "CarDrive.Environment.LessonNumber.block_offset.mean": {
            "value": 1.0,
            "min": 0.0,
            "max": 1.0,
            "count": 27
        },
        "CarDrive.Environment.LessonNumber.block_offset.sum": {
            "value": 1.0,
            "min": 0.0,
            "max": 1.0,
            "count": 27
        },
        "CarDrive.Step.mean": {
            "value": 269984.0,
            "min": 9951.0,
            "max": 269984.0,
            "count": 27
        },
        "CarDrive.Step.sum": {
            "value": 269984.0,
            "min": 9951.0,
            "max": 269984.0,
            "count": 27
        },
        "CarDrive.Policy.ExtrinsicValueEstimate.mean": {
            "value": 1.1017826795578003,
            "min": -0.06014964357018471,
            "max": 1.1017826795578003,
            "count": 27
        },
        "CarDrive.Policy.ExtrinsicValueEstimate.sum": {
            "value": 172.97988891601562,
            "min": -9.563793182373047,
            "max": 172.97988891601562,
            "count": 27
        },
        "CarDrive.Environment.EpisodeLength.mean": {
            "value": 9999.0,
            "min": 999.0,
            "max": 9999.0,
            "count": 27
        },
        "CarDrive.Environment.EpisodeLength.sum": {
            "value": 9999.0,
            "min": 9990.0,
            "max": 9999.0,
            "count": 27
        },
        "CarDrive.Environment.CumulativeReward.mean": {
            "value": 147.17076662182808,
            "min": 1.0033948803320527,
            "max": 147.17076662182808,
            "count": 27
        },
        "CarDrive.Environment.CumulativeReward.sum": {
            "value": 147.17076662182808,
            "min": 2.0067897606641054,
            "max": 150.04134179651737,
            "count": 27
        },
        "CarDrive.Policy.ExtrinsicReward.mean": {
            "value": 147.17076662182808,
            "min": 1.0033948803320527,
            "max": 147.17076662182808,
            "count": 27
        },
        "CarDrive.Policy.ExtrinsicReward.sum": {
            "value": 147.17076662182808,
            "min": 2.0067897606641054,
            "max": 150.04134179651737,
            "count": 27
        },
        "CarDrive.IsTraining.mean": {
            "value": 1.0,
            "min": 1.0,
            "max": 1.0,
            "count": 27
        },
        "CarDrive.IsTraining.sum": {
            "value": 1.0,
            "min": 1.0,
            "max": 1.0,
            "count": 27
        },
        "CarDrive.Losses.PolicyLoss.mean": {
            "value": 0.020631700474768876,
            "min": 0.017893271520733833,
            "max": 0.0317256120344003,
            "count": 26
        },
        "CarDrive.Losses.PolicyLoss.sum": {
            "value": 0.020631700474768876,
            "min": 0.017893271520733833,
            "max": 0.0317256120344003,
            "count": 26
        },
        "CarDrive.Losses.ValueLoss.mean": {
            "value": 0.0030527179827913643,
            "min": 0.0007788441648396353,
            "max": 0.023030067173143227,
            "count": 26
        },
        "CarDrive.Losses.ValueLoss.sum": {
            "value": 0.0030527179827913643,
            "min": 0.0007788441648396353,
            "max": 0.023030067173143227,
            "count": 26
        },
        "CarDrive.Policy.LearningRate.mean": {
            "value": 0.00029599728133423997,
            "min": 0.00029599728133423997,
            "max": 0.00029984616005128005,
            "count": 26
        },
        "CarDrive.Policy.LearningRate.sum": {
            "value": 0.00029599728133423997,
            "min": 0.00029599728133423997,
            "max": 0.00029984616005128005,
            "count": 26
        },
        "CarDrive.Policy.Epsilon.mean": {
            "value": 0.19866576,
            "min": 0.19866576,
            "max": 0.19994872000000002,
            "count": 26
        },
        "CarDrive.Policy.Epsilon.sum": {
            "value": 0.19866576,
            "min": 0.19866576,
            "max": 0.19994872000000002,
            "count": 26
        },
        "CarDrive.Policy.Beta.mean": {
            "value": 0.0049334214239999995,
            "min": 0.0049334214239999995,
            "max": 0.0049974411279999995,
            "count": 26
        },
        "CarDrive.Policy.Beta.sum": {
            "value": 0.0049334214239999995,
            "min": 0.0049334214239999995,
            "max": 0.0049974411279999995,
            "count": 26
        }
    },
    "metadata": {
        "timer_format_version": "0.1.0",
        "start_time_seconds": "1620100518",
        "python_version": "3.8.5 (default, Sep  3 2020, 21:29:08) [MSC v.1916 64 bit (AMD64)]",
        "command_line_arguments": "C:\\Users\\clle1\\anaconda3\\Scripts\\mlagents-learn TrainerConfigs\\simplified_curriculum_trainer_config.yaml --run-id=dummy --force",
        "mlagents_version": "0.26.0",
        "mlagents_envs_version": "0.26.0",
        "communication_protocol_version": "1.5.0",
        "pytorch_version": "1.7.1",
        "numpy_version": "1.19.2",
        "end_time_seconds": "1620102166"
    },
    "total": 1647.7714403,
    "count": 1,
    "self": 0.014565499999889653,
    "children": {
        "run_training.setup": {
            "total": 0.28257999999999983,
            "count": 1,
            "self": 0.28257999999999983
        },
        "TrainerController.start_learning": {
            "total": 1647.4742948,
            "count": 1,
            "self": 9.448506399996177,
            "children": {
                "TrainerController._reset_env": {
                    "total": 9.9991714,
                    "count": 1,
                    "self": 9.9991714
                },
                "TrainerController.advance": {
                    "total": 1627.9423098000036,
                    "count": 273851,
                    "self": 7.709173399964357,
                    "children": {
                        "env_step": {
                            "total": 1545.2025833000307,
                            "count": 273851,
                            "self": 1061.790692900137,
                            "children": {
                                "SubprocessEnvManager._take_step": {
                                    "total": 480.23230459994,
                                    "count": 273851,
                                    "self": 13.611304399961341,
                                    "children": {
                                        "TorchPolicy.evaluate": {
                                            "total": 466.62100019997865,
                                            "count": 273851,
                                            "self": 243.34319069998799,
                                            "children": {
                                                "TorchPolicy.sample_actions": {
                                                    "total": 223.27780949999067,
                                                    "count": 273851,
                                                    "self": 223.27780949999067
                                                }
                                            }
                                        }
                                    }
                                },